--
-- PostgreSQL database dump
--

\restrict 5ImBbDHP4i4VayuFJoNzAOSesiiEKJA5QNwe0y0DTqX4fAIrPUCCLdboha9VpMj

-- Dumped from database version 17.6 (Debian 17.6-1.pgdg13+1)
-- Dumped by pg_dump version 17.6 (Debian 17.6-1.pgdg13+1)

SET statement_timeout = 0;
SET lock_timeout = 0;
SET idle_in_transaction_session_timeout = 0;
SET transaction_timeout = 0;
SET client_encoding = 'UTF8';
SET standard_conforming_strings = on;
SELECT pg_catalog.set_config('search_path', '', false);
SET check_function_bodies = false;
SET xmloption = content;
SET client_min_messages = warning;
SET row_security = off;

--
-- Name: public; Type: SCHEMA; Schema: -; Owner: EnergoDetal
--

-- *not* creating schema, since initdb creates it


ALTER SCHEMA public OWNER TO "EnergoDetal";

--
-- Name: SCHEMA public; Type: COMMENT; Schema: -; Owner: EnergoDetal
--

COMMENT ON SCHEMA public IS '';


--
-- Name: Type; Type: TYPE; Schema: public; Owner: EnergoDetal
--

CREATE TYPE public."Type" AS ENUM (
    'Products',
    'Machines',
    'Production'
);


ALTER TYPE public."Type" OWNER TO "EnergoDetal";

SET default_tablespace = '';

SET default_table_access_method = heap;

--
-- Name: Drawing; Type: TABLE; Schema: public; Owner: EnergoDetal
--

CREATE TABLE public."Drawing" (
    id integer NOT NULL,
    name text NOT NULL,
    description text NOT NULL,
    imageurl text NOT NULL
);


ALTER TABLE public."Drawing" OWNER TO "EnergoDetal";

--
-- Name: Drawing_id_seq; Type: SEQUENCE; Schema: public; Owner: EnergoDetal
--

CREATE SEQUENCE public."Drawing_id_seq"
    AS integer
    START WITH 1
    INCREMENT BY 1
    NO MINVALUE
    NO MAXVALUE
    CACHE 1;


ALTER SEQUENCE public."Drawing_id_seq" OWNER TO "EnergoDetal";

--
-- Name: Drawing_id_seq; Type: SEQUENCE OWNED BY; Schema: public; Owner: EnergoDetal
--

ALTER SEQUENCE public."Drawing_id_seq" OWNED BY public."Drawing".id;


--
-- Name: Execution; Type: TABLE; Schema: public; Owner: EnergoDetal
--

CREATE TABLE public."Execution" (
    id integer NOT NULL,
    name text NOT NULL,
    description text NOT NULL,
    model3durl text NOT NULL,
    certificate text NOT NULL,
    imageurls text[],
    "drawingId" integer NOT NULL
);


ALTER TABLE public."Execution" OWNER TO "EnergoDetal";

--
-- Name: ExecutionItem; Type: TABLE; Schema: public; Owner: EnergoDetal
--

CREATE TABLE public."ExecutionItem" (
    id integer NOT NULL,
    name text NOT NULL,
    mass double precision NOT NULL,
    price1 double precision NOT NULL,
    price2 double precision NOT NULL,
    "executionId" integer NOT NULL
);


ALTER TABLE public."ExecutionItem" OWNER TO "EnergoDetal";

--
-- Name: ExecutionItem_id_seq; Type: SEQUENCE; Schema: public; Owner: EnergoDetal
--

CREATE SEQUENCE public."ExecutionItem_id_seq"
    AS integer
    START WITH 1
    INCREMENT BY 1
    NO MINVALUE
    NO MAXVALUE
    CACHE 1;


ALTER SEQUENCE public."ExecutionItem_id_seq" OWNER TO "EnergoDetal";

--
-- Name: ExecutionItem_id_seq; Type: SEQUENCE OWNED BY; Schema: public; Owner: EnergoDetal
--

ALTER SEQUENCE public."ExecutionItem_id_seq" OWNED BY public."ExecutionItem".id;


--
-- Name: Execution_id_seq; Type: SEQUENCE; Schema: public; Owner: EnergoDetal
--

CREATE SEQUENCE public."Execution_id_seq"
    AS integer
    START WITH 1
    INCREMENT BY 1
    NO MINVALUE
    NO MAXVALUE
    CACHE 1;


ALTER SEQUENCE public."Execution_id_seq" OWNER TO "EnergoDetal";

--
-- Name: Execution_id_seq; Type: SEQUENCE OWNED BY; Schema: public; Owner: EnergoDetal
--

ALTER SEQUENCE public."Execution_id_seq" OWNED BY public."Execution".id;


--
-- Name: Image; Type: TABLE; Schema: public; Owner: EnergoDetal
--

CREATE TABLE public."Image" (
    id integer NOT NULL,
    type public."Type" NOT NULL,
    url text NOT NULL
);


ALTER TABLE public."Image" OWNER TO "EnergoDetal";

--
-- Name: Image_id_seq; Type: SEQUENCE; Schema: public; Owner: EnergoDetal
--

CREATE SEQUENCE public."Image_id_seq"
    AS integer
    START WITH 1
    INCREMENT BY 1
    NO MINVALUE
    NO MAXVALUE
    CACHE 1;


ALTER SEQUENCE public."Image_id_seq" OWNER TO "EnergoDetal";

--
-- Name: Image_id_seq; Type: SEQUENCE OWNED BY; Schema: public; Owner: EnergoDetal
--

ALTER SEQUENCE public."Image_id_seq" OWNED BY public."Image".id;


--
-- Name: _prisma_migrations; Type: TABLE; Schema: public; Owner: EnergoDetal
--

CREATE TABLE public._prisma_migrations (
    id character varying(36) NOT NULL,
    checksum character varying(64) NOT NULL,
    finished_at timestamp with time zone,
    migration_name character varying(255) NOT NULL,
    logs text,
    rolled_back_at timestamp with time zone,
    started_at timestamp with time zone DEFAULT now() NOT NULL,
    applied_steps_count integer DEFAULT 0 NOT NULL
);


ALTER TABLE public._prisma_migrations OWNER TO "EnergoDetal";

--
-- Name: Drawing id; Type: DEFAULT; Schema: public; Owner: EnergoDetal
--

ALTER TABLE ONLY public."Drawing" ALTER COLUMN id SET DEFAULT nextval('public."Drawing_id_seq"'::regclass);


--
-- Name: Execution id; Type: DEFAULT; Schema: public; Owner: EnergoDetal
--

ALTER TABLE ONLY public."Execution" ALTER COLUMN id SET DEFAULT nextval('public."Execution_id_seq"'::regclass);


--
-- Name: ExecutionItem id; Type: DEFAULT; Schema: public; Owner: EnergoDetal
--

ALTER TABLE ONLY public."ExecutionItem" ALTER COLUMN id SET DEFAULT nextval('public."ExecutionItem_id_seq"'::regclass);


--
-- Name: Image id; Type: DEFAULT; Schema: public; Owner: EnergoDetal
--

ALTER TABLE ONLY public."Image" ALTER COLUMN id SET DEFAULT nextval('public."Image_id_seq"'::regclass);


--
-- Data for Name: Drawing; Type: TABLE DATA; Schema: public; Owner: EnergoDetal
--

COPY public."Drawing" (id, name, description, imageurl) FROM stdin;
1	ОСТ 36-146-88	Описание для ОСТ 36-146-88	https://storage.yandexcloud.net/energodetal/Main/%D0%A4%D0%BE%D1%82%D0%BE%20%D1%87%D0%B5%D1%80%D1%82%D0%B5%D0%B6%20%D0%9E%D0%A1%D0%A2%2036-146-88.jpg
2	ОСТ 36-94-83(ГОСТ 14911-82)	Описание для ОСТ 36-94-83	""
3	Серия 4.903-10	Описание для Серии 4.903-10	""
4	Серия 5.903-13	Описание для Серии 5.903-13	""
\.


--
-- Data for Name: Execution; Type: TABLE DATA; Schema: public; Owner: EnergoDetal
--

COPY public."Execution" (id, name, description, model3durl, certificate, imageurls, "drawingId") FROM stdin;
1	КП	Описание для КП	https://storage.yandexcloud.net/energodetal/Models/%D0%9E%D0%BF%D0%BE%D1%80%D1%8B%20%D0%9A%D0%A5%20%D0%9E%D0%A1%D0%A2%2036-146-88%20Restailed.glb	https://storage.yandexcloud.net/energodetal/Certificate/%D0%A1%D0%B5%D1%80%D1%82%D0%B8%D1%84%D0%B8%D0%BA%D0%B0%D1%82.jpg	{https://storage.yandexcloud.net/energodetal/Main/%D0%9A%D0%9F1.png,https://storage.yandexcloud.net/energodetal/Main/%D0%9A%D0%9F2.jpg,https://storage.yandexcloud.net/energodetal/Main/%D0%9A%D0%9F3.jpg}	1
2	КХ	Описание для КХ	""	""	{""}	1
5	ТП	Описание для ТП	""	""	{"",""}	1
6	ТО	Описание для ТО	""	""	{"",""}	1
7	ТР	Описание для ТР	""	""	{"",""}	1
8	ТХ	Описание для ТХ	""	""	{"",""}	1
9	ВП	Описание для ВП	""	""	{"",""}	1
10	ХБ	Описание для ХБ	""	""	{"",""}	1
11	УП	Описание для УП	""	""	{"",""}	1
12	ШП	Описание для ШП	""	""	{"",""}	1
13	КН	Описание для КН	""	""	{"",""}	1
14	Т3	Описание для Т3	""	""	{"",""}	3
15	Т4	Описание для Т4	""	""	{"",""}	3
16	Т5	Описание для Т5	""	""	{"",""}	3
17	Т6	Описание для Т6	""	""	{"",""}	3
18	Т7	Описание для Т7	""	""	{"",""}	3
19	Т8	Описание для Т8	""	""	{"",""}	3
20	Т9	Описание для Т9	""	""	{"",""}	3
21	Т10	Описание для Т10	""	""	{"",""}	3
22	Т11	Описание для Т11	""	""	{"",""}	3
23	Т12	Описание для Т12	""	""	{"",""}	3
24	Т44	Описание для Т44	""	""	{"",""}	3
25	Т46	Описание для Т46	""	""	{"",""}	3
26	Т13	Описание для Т13	""	""	{"",""}	3
27	Т14	Описание для Т14	""	""	{"",""}	3
28	Т15	Описание для Т15	""	""	{"",""}	3
29	Т16	Описание для Т16	""	""	{"",""}	3
30	Т17	Описание для Т17	""	""	{"",""}	3
31	Т18	Описание для Т18	""	""	{"",""}	3
32	Т19	Описание для Т19	""	""	{"",""}	3
33	Т20	Описание для Т20	""	""	{"",""}	3
34	Т21	Описание для Т21	""	""	{"",""}	3
35	Т43	Описание для Т43	""	""	{"",""}	3
36	Т22	Описание для Т22	""	""	{"",""}	3
37	Т23	Описание для Т23	""	""	{"",""}	3
38	Т24	Описание для Т24	""	""	{"",""}	3
39	Т25	Описание для Т25	""	""	{"",""}	3
40	Т26	Описание для Т26	""	""	{"",""}	3
41	Т27	Описание для Т27	""	""	{"",""}	3
42	Т28	Описание для Т28	""	""	{"",""}	3
43	Т29	Описание для Т29	""	""	{"",""}	3
44	Т41	Описание для Т41	""	""	{"",""}	3
45	Т42	Описание для Т42	""	""	{"",""}	3


















\.


--
-- Data for Name: ExecutionItem; Type: TABLE DATA; Schema: public; Owner: EnergoDetal
--

COPY public."ExecutionItem" (id, name, mass, price1, price2, "executionId") FROM stdin;
2	57-КП-А11	1.3	260	286	1
3	57-КП-А12	2.6	520	572	1
4	57-КП-А21	1.8	360	396	1
5	57-КП-А22	3.6	720	792	1
6	76-КП-А11	1.3	260	286	1
7	76-КП-А12	2.5	500	550	1
8	76-КП-А21	1.8	360	396	1
9	76-КП-А22	3.5	700	770	1
10	89-КП-А11	1.2	240	264	1
11	89-КП-А12	2.5	500	550	1
12	89-КП-А21	1.7	340	374	1
13	89-КП-А22	3.5	700	770	1
14	108-КП-А11	1.5	300	330	1
15	108-КП-А12	3	600	660	1
16	108-КП-А21	2.1	420	462	1
17	108-КП-А22	4.2	840	924	1
18	133-КП-А11	1.5	300	330	1
19	133-КП-А12	3	600	660	1
20	133-КП-А21	2	400	440	1
21	133-КП-А22	4.1	820	902	1
22	159-КП-А11	1.5	300	330	1
23	159-КП-А12	3	600	660	1
24	159-КП-А21	2	400	440	1
25	159-КП-А22	4.1	820	902	1
26	219-КП-А11	2.7	540	594	1
27	219-КП-А12	6.1	1220	1342	1
28	219-КП-А13	11	2200	2420	1
29	219-КП-Б12	7	1400	1540	1
30	219-КП-Б13	11.9	2380	2618	1
31	219-КП-А21	3.4	680	748	1
32	219-КП-А22	7.3	1460	1606	1
33	219-КП-А23	13.3	2660	2926	1
34	219-КП-Б22	8.2	1640	1804	1
35	219-КП-Б23	14.2	2840	3124	1
36	273-КП-А11	2.6	520	572	1
37	273-КП-А12	7.1	1420	1562	1
38	273-КП-А13	13.3	2660	2926	1
39	273-КП-Б12	8.1	1620	1782	1
40	273-КП-Б13	14.3	2860	3146	1
41	273-КП-А21	3.2	640	704	1
42	273-КП-А22	9	1800	1980	1
43	273-КП-А23	16.6	3320	3652	1
44	273-КП-Б22	10	2000	2200	1
45	273-КП-Б23	17.6	3520	3872	1
46	325-КП-А11	3.3	660	726	1
47	325-КП-А12	6.9	1380	1518	1
48	325-КП-А13	12.8	2560	2816	1
49	325-КП-Б12	7.9	1580	1738	1
50	325-КП-Б13	13.8	2760	3036	1
51	325-КП-А21	4.2	840	924	1
52	325-КП-А22	8.7	1740	1914	1
53	325-КП-А23	16.2	3240	3564	1
54	325-КП-Б22	9.7	1940	2134	1
55	325-КП-Б23	17.2	3440	3784	1
56	377-КП-А11	3.2	640	704	1
57	377-КП-А12	6.7	1340	1474	1
58	377-КП-А13	12.5	2500	2750	1
59	377-КП-Б12	7.7	1540	1694	1
60	377-КП-Б13	13.5	2700	2970	1
61	377-КП-А21	4.1	820	902	1
62	377-КП-А22	8.6	1720	1892	1
63	377-КП-А23	15.7	3140	3454	1
64	377-КП-Б22	9.6	1920	2112	1
65	377-КП-Б23	16.7	3340	3674	1
66	426-КП-А11	4.6	920	1012	1
67	426-КП-А12	9.8	1960	2156	1
68	426-КП-А13	18.3	3660	4026	1
69	426-КП-Б12	11.2	2240	2464	1
70	426-КП-Б13	19.7	3940	4334	1
71	426-КП-А21	6.1	1220	1342	1
72	426-КП-А22	12.5	2500	2750	1
73	426-КП-А23	23.2	4640	5104	1
74	426-КП-Б22	13.9	2780	3058	1
75	426-КП-Б23	24.6	4920	5412	1
76	530-КП-А11	6.3	1260	1386	1
77	530-КП-А12	13.7	2740	3014	1
78	530-КП-А13	25.1	5020	5522	1
79	530-КП-Б12	16.4	3280	3608	1
80	530-КП-Б13	27.8	5560	6116	1
81	530-КП-А21	8	1600	1760	1
82	530-КП-А22	17.1	3420	3762	1
83	530-КП-А23	30.9	6180	6798	1
84	530-КП-Б22	19.8	3960	4356	1
85	530-КП-Б23	33.6	6720	7392	1
86	630-КП-А11	6.2	1240	1364	1
87	630-КП-А12	13.3	2660	2926	1
88	630-КП-А13	24.4	4880	5368	1
89	630-КП-Б12	16	3200	3520	1
90	630-КП-Б13	27.1	5420	5962	1
91	630-КП-А21	7.9	1580	1738	1
92	630-КП-А22	16.6	3320	3652	1
93	630-КП-А23	30.2	6040	6644	1
94	630-КП-Б22	19.3	3860	4246	1
95	630-КП-Б23	32.9	6580	7238	1
96	820-КП-А12	17	3400	3740	1
97	820-КП-А13	31.1	6220	6842	1
98	820-КП-Б12	20.5	4100	4510	1
99	820-КП-Б13	34.6	6920	7612	1
100	820-КП-А22	21.3	4260	4686	1
101	820-КП-А23	38.8	7760	8536	1
102	820-КП-Б22	24.8	4960	5456	1
103	820-КП-Б23	42.3	8460	9306	1
104	1020-КП-А12	27.6	5520	6072	1
105	1020-КП-А13	49.3	9860	10846	1
106	1020-КП-Б12	37.3	7460	8206	1
107	1020-КП-Б13	59	11800	12980	1
108	1020-КП-А22	33.3	6660	7326	1
109	1020-КП-А23	59	11800	12980	1
110	1020-КП-Б22	43	8600	9460	1
111	1020-КП-Б23	68.7	13740	15114	1
112	1220-КП-А12	26.8	5360	5896	1
113	1220-КП-А13	47.9	9580	10538	1
114	1220-КП-Б12	36.4	7280	8008	1
115	1220-КП-Б13	57.5	11500	12650	1
116	1220-КП-А22	32.5	6500	7150	1
117	1220-КП-А23	57.6	11520	12672	1
118	1220-КП-Б22	42.1	8420	9262	1
119	1220-КП-Б23	67.2	13440	14784	1
120	1420-КП-А12	32.5	6500	7150	1
121	1420-КП-А13	58.2	11640	12804	1
122	1420-КП-Б12	44.3	8860	9746	1
123	1420-КП-Б13	70	14000	15400	1
124	1420-КП-А22	39.5	7900	8690	1
125	1420-КП-А23	70.3	14060	15466	1
126	1420-КП-Б22	51.3	10260	11286	1
127	1420-КП-Б23	82.1	16420	18062	1
128	57-КХ-А11	2.1	420	462	2
129	57-КХ-А12	4.2	840	924	2
130	57-КХ-А21	2.5	500	550	2
131	57-КХ-А22	5.2	1040	1144	2
132	76-КХ-А11	2.2	440	484	2
133	76-КХ-А12	4.3	860	946	2
134	76-КХ-А21	2.7	540	594	2
135	76-КХ-А22	5.3	1060	1166	2
136	89-КХ-А11	2.2	440	484	2
137	89-КХ-А12	4.5	900	990	2
138	89-КХ-А21	2.8	560	616	2
139	89-КХ-А22	5.5	1100	1210	2
140	108-КХ-А11	5.4	1080	1188	2
141	108-КХ-А12	6.9	1380	1518	2
142	108-КХ-А21	6	1200	1320	2
143	108-КХ-А22	8.1	1620	1782	2
144	133-КХ-А11	6.3	1260	1386	2
145	133-КХ-А12	7.8	1560	1716	2
146	133-КХ-А21	6.8	1360	1496	2
147	133-КХ-А22	8.9	1780	1958	2
148	159-КХ-А11	6.9	1380	1518	2
149	159-КХ-А12	8.4	1680	1848	2
150	159-КХ-А21	7.4	1480	1628	2
151	159-КХ-А22	9.5	1900	2090	2
152	219-КХ-А11	13.4	2680	2948	2
153	219-КХ-А12	16.8	3360	3696	2
154	219-КХ-А13	21.7	4340	4774	2
155	219-КХ-А21	14.1	2820	3102	2
156	219-КХ-А22	18	3600	3960	2
157	219-КХ-А23	24	4800	5280	2
158	273-КХ-А11	15.1	3020	3322	2
159	273-КХ-А12	19.6	3920	4312	2
160	273-КХ-А13	25.8	5160	5676	2
161	273-КХ-А21	15.7	3140	3454	2
162	273-КХ-А22	21.5	4300	4730	2
163	273-КХ-А23	29.1	5820	6402	2
164	325-КХ-А11	17.4	3480	3828	2
165	325-КХ-А12	21	4200	4620	2
166	325-КХ-А13	26.9	5380	5918	2
167	325-КХ-А21	18.3	3660	4026	2
168	325-КХ-А22	22.8	4560	5016	2
169	325-КХ-А23	30.3	6060	6666	2
170	377-КХ-А11	19.1	3820	4202	2
171	377-КХ-А12	22.6	4520	4972	2
172	377-КХ-А13	28.4	5680	6248	2
173	377-КХ-А21	20	4000	4400	2
174	377-КХ-А22	24.5	4900	5390	2
175	377-КХ-А23	31.6	6320	6952	2
176	426-КХ-А11	22.1	4420	4862	2
177	426-КХ-А12	27.3	5460	6006	2
178	426-КХ-А13	35.8	7160	7876	2
179	426-КХ-А21	23.6	4720	5192	2
180	426-КХ-А22	30	6000	6600	2
181	426-КХ-А23	40.7	8140	8954	2
182	530-КХ-А11	36.5	7300	8030	2
183	530-КХ-А12	43.9	8780	9658	2
184	530-КХ-А13	55.3	11060	12166	2
185	530-КХ-А21	38.2	7640	8404	2
186	530-КХ-А22	47.3	9460	10406	2
187	530-КХ-А23	61.1	12220	13442	2
188	630-КХ-А11	41	8200	9020	2
189	630-КХ-А12	48.1	9620	10582	2
190	630-КХ-А13	59.2	11840	13024	2
191	630-КХ-А21	42.7	8540	9394	2
192	630-КХ-А22	51.4	10280	11308	2
193	630-КХ-А23	65	13000	14300	2
194	18-ТП-АС00	0.6	120	132	5
195	18-ТП-АС10	0.7	140	154	5
196	25-ТП-АС00	0.6	120	132	5
197	25-ТП-АС10	0.7	140	154	5
198	32-ТП-АС00	0.6	120	132	5
199	32-ТП-АС10	0.7	140	154	5
200	38-ТП-АС00	0.6	120	132	5
201	38-ТП-АС10	0.7	140	154	5
202	45-ТП-АС00	0.6	120	132	5
203	45-ТП-АС10	0.7	140	154	5
204	57-ТП-А11	1.8	360	396	5
205	57-ТП-А12	3.6	720	792	5
206	57-ТП-АС11	1.7	340	374	5
207	57-ТП-АС12	3.4	680	748	5
208	57-ТП-А21	3.1	620	682	5
209	57-ТП-А22	6.2	1240	1364	5
210	57-ТП-АС21	2.2	440	484	5
211	57-ТП-АС22	4.4	880	968	5
212	76-ТП-А11	1.8	360	396	5
213	76-ТП-А12	3.6	720	792	5
214	76-ТП-АС11	1.7	340	374	5
215	76-ТП-АС12	3.4	680	748	5
216	76-ТП-А21	3.1	620	682	5
217	76-ТП-А22	6.2	1240	1364	5
218	76-ТП-АС21	2.2	440	484	5
219	76-ТП-АС22	4.4	880	968	5
220	89-ТП-А11	1.8	360	396	5
221	89-ТП-А12	3.6	720	792	5
222	89-ТП-АС11	1.7	340	374	5
223	89-ТП-АС12	3.4	680	748	5
224	89-ТП-А21	3.1	620	682	5
225	89-ТП-А22	6.2	1240	1364	5
226	89-ТП-АС21	2.2	440	484	5
227	89-ТП-АС22	4.4	880	968	5
228	108-ТП-Б12	4	800	880	5
229	108-ТП-БС12	3.8	760	836	5
230	108-ТП-Б22	7	1400	1540	5
231	108-ТП-БС22	5	1000	1100	5
232	133-ТП-Б12	4	800	880	5
233	133-ТП-БС12	3.8	760	836	5
234	133-ТП-Б22	7	1400	1540	5
235	133-ТП-БС22	5	1000	1100	5
236	159-ТП-Б12	4	800	880	5
237	159-ТП-БС12	3.8	760	836	5
238	159-ТП-Б22	7	1400	1540	5
239	159-ТП-БС22	5	1000	1100	5
240	57-ТО-А1	1.2	240	264	6
241	57-ТО-А2	1.4	280	308	6
242	76-ТО-А1	1.5	300	330	6
243	76-ТО-А2	1.8	360	396	6
244	89-ТО-А1	2.2	440	484	6
245	89-ТО-А2	2.6	520	572	6
246	108-ТО-А1	2.3	460	506	6
247	108-ТО-А2	2.6	520	572	6
248	133-ТО-А1	4.2	840	924	6
249	133-ТО-А2	4.8	960	1056	6
250	159-ТО-А1	4.3	860	946	6
251	159-ТО-А2	4.9	980	1078	6
252	219-ТО-А1	10.3	2060	2266	6
253	219-ТО-А2	11.6	2320	2552	6
254	273-ТО-А1	11.5	2300	2530	6
255	273-ТО-А2	12.8	2560	2816	6
256	325-ТО-А1	20.1	4020	4422	6
257	325-ТО-А2	22	4400	4840	6
258	377-ТО-А1	34.4	6880	7568	6
259	377-ТО-А2	37.4	7480	8228	6
260	426-ТО-А1	35.9	7180	7898	6
261	426-ТО-А2	38.9	7780	8558	6
262	530-ТО-А1	47.3	9460	10406	6
263	530-ТО-А2	50.9	10180	11198	6
264	630-ТО-А1	86.8	17360	19096	6
265	630-ТО-А2	92.7	18540	20394	6
266	57-ТР-А1	1.4	280	308	7
267	57-ТР-А2	1.6	320	352	7
268	57-ТР-Б1	0.5	100	110	7
269	57-ТР-Б2	0.7	140	154	7
270	76-ТР-А1	1.4	280	308	7
271	76-ТР-А2	1.6	320	352	7
272	76-ТР-Б1	0.5	100	110	7
273	76-ТР-Б2	0.7	140	154	7
274	89-ТР-А1	1.9	380	418	7
275	89-ТР-А2	2.2	440	484	7
276	89-ТР-Б1	0.7	140	154	7
277	89-ТР-Б2	1	200	220	7
278	108-ТР-А1	1.9	380	418	7
279	108-ТР-А2	2.2	440	484	7
280	108-ТР-Б1	0.7	140	154	7
281	108-ТР-Б2	1	200	220	7
282	133-ТР-А1	3.2	640	704	7
283	133-ТР-А2	3.8	760	836	7
284	133-ТР-Б1	1.3	260	286	7
285	133-ТР-Б2	1.9	380	418	7
286	159-ТР-А1	3.2	640	704	7
287	159-ТР-А2	3.8	760	836	7
288	159-ТР-Б1	1.3	260	286	7
289	159-ТР-Б2	1.9	380	418	7
290	219-ТР-А1	7	1400	1540	7
291	219-ТР-А2	8.8	1760	1936	7
292	219-ТР-Б1	3	600	660	7
293	219-ТР-Б2	4.3	860	946	7
294	273-ТР-А1	7	1400	1540	7
295	273-ТР-А2	8.8	1760	1936	7
296	273-ТР-Б1	3	600	660	7
297	273-ТР-Б2	4.3	860	946	7
298	325-ТР-А1	12.9	2580	2838	7
299	325-ТР-А2	14.7	2940	3234	7
300	325-ТР-Б1	4.3	860	946	7
301	325-ТР-Б2	6.1	1220	1342	7
302	377-ТР-А1	20.2	4040	4444	7
303	377-ТР-А2	23.2	4640	5104	7
304	377-ТР-Б1	7.5	1500	1650	7
305	377-ТР-Б2	10.5	2100	2310	7
306	426-ТР-А1	20.2	4040	4444	7
307	426-ТР-А2	23.2	4640	5104	7
308	426-ТР-Б1	7.5	1500	1650	7
309	426-ТР-Б2	10.5	2100	2310	7
310	530-ТР-А1	34.1	6820	7502	7
311	530-ТР-А2	37.7	7540	8294	7
312	530-ТР-Б1	9.1	1820	2002	7
313	530-ТР-Б2	12.8	2560	2816	7
314	630-ТР-А1	60.4	12080	13288	7
315	630-ТР-А2	66.3	13260	14586	7
316	630-ТР-Б1	16.7	3340	3674	7
317	630-ТР-Б2	22.6	4520	4972	7
318	18-ТХ-АС00	1	200	220	8
319	18-ТХ-АС10	1.1	220	242	8
320	25-ТХ-АС00	1	200	220	8
321	25-ТХ-АС10	1.1	220	242	8
322	32-ТХ-АС00	1	200	220	8
323	32-ТХ-АС10	1.1	220	242	8
324	38-ТХ-АС00	1	200	220	8
325	38-ТХ-АС10	1.1	220	242	8
326	45-ТХ-АС00	1	200	220	8
327	45-ТХ-АС10	1.1	220	242	8
328	57-ТХ-А11	2.6	520	572	8
329	57-ТХ-А12	5.2	1040	1144	8
330	57-ТХ-АС11	2.5	500	550	8
331	57-ТХ-АС12	5	1000	1100	8
332	57-ТХ-А21	3.9	780	858	8
333	57-ТХ-А22	7.8	1560	1716	8
334	57-ТХ-АС21	3	600	660	8
335	57-ТХ-АС22	6	1200	1320	8
336	76-ТХ-А11	2.7	540	594	8
337	76-ТХ-А12	5.4	1080	1188	8
338	76-ТХ-АС11	2.6	520	572	8
339	76-ТХ-АС12	5.2	1040	1144	8
340	76-ТХ-А21	4	800	880	8
341	76-ТХ-А22	8	1600	1760	8
342	76-ТХ-АС21	3.1	620	682	8
343	76-ТХ-АС22	6.2	1240	1364	8
344	89-ТХ-А11	2.8	560	616	8
345	89-ТХ-А12	5.6	1120	1232	8
346	89-ТХ-АС11	2.7	540	594	8
347	89-ТХ-АС12	5.4	1080	1188	8
348	89-ТХ-А21	4.1	820	902	8
349	89-ТХ-А22	8.2	1640	1804	8
350	89-ТХ-АС21	3.2	640	704	8
351	89-ТХ-АС22	6.4	1280	1408	8
352	108-ТХ-Б12	7.9	1580	1738	8
353	108-ТХ-БС12	7.7	1540	1694	8
354	108-ТХ-Б22	10.9	2180	2398	8
355	108-ТХ-БС22	8.9	1780	1958	8
356	133-ТХ-Б12	8.7	1740	1914	8
357	133-ТХ-БС12	8.5	1700	1870	8
358	133-ТХ-Б22	11.7	2340	2574	8
359	133-ТХ-БС22	9.7	1940	2134	8
360	159-ТХ-Б12	9.3	1860	2046	8
361	159-ТХ-БС12	9.1	1820	2002	8
362	159-ТХ-Б22	12.3	2460	2706	8
363	159-ТХ-БС22	10.3	2060	2266	8
364	57-ВП-А1	0.8	160	176	9
365	57-ВП-А2	1.2	240	264	9
366	76-ВП-А1	0.8	160	176	9
367	76-ВП-А2	1.2	240	264	9
368	89-ВП-А1	0.8	160	176	9
369	89-ВП-А2	1.2	240	264	9
370	108-ВП-А1	1.8	360	396	9
371	108-ВП-А2	4.4	880	968	9
372	133-ВП-А1	1.8	360	396	9
373	133-ВП-А2	4.4	880	968	9
374	159-ВП-А1	1.8	360	396	9
375	159-ВП-А2	4.4	880	968	9
376	219-ВП-А1	1.8	360	396	9
377	219-ВП-Б1	3.4	680	748	9
378	219-ВП-А2	4.4	880	968	9
379	219-ВП-Б2	6	1200	1320	9
380	273-ВП-А1	6.8	1360	1496	9
381	273-ВП-Б1	14.2	2840	3124	9
382	273-ВП-А2	13.2	2640	2904	9
383	273-ВП-Б2	20.6	4120	4532	9
384	325-ВП-А1	6.8	1360	1496	9
385	325-ВП-Б1	14.2	2840	3124	9
386	325-ВП-А2	13.2	2640	2904	9
387	325-ВП-Б2	20.6	4120	4532	9
388	377-ВП-А1	6.8	1360	1496	9
389	377-ВП-Б1	14.2	2840	3124	9
390	377-ВП-А2	13.2	2640	2904	9
391	377-ВП-Б2	20.6	4120	4532	9
392	426-ВП-А1	6.8	1360	1496	9
393	426-ВП-Б1	14.2	2840	3124	9
394	426-ВП-А2	13.2	2640	2904	9
395	426-ВП-Б2	20.6	4120	4532	9
396	530-ВП-А1	14.8	2960	3256	9
397	530-ВП-Б1	28	5600	6160	9
398	530-ВП-А2	25.2	5040	5544	9
399	530-ВП-Б2	38.4	7680	8448	9
400	630-ВП-А1	14.8	2960	3256	9
401	630-ВП-Б1	28	5600	6160	9
402	630-ВП-А2	25.2	5040	5544	9
403	630-ВП-Б2	38.4	7680	8448	9
404	820-ВП-А1	14.8	2960	3256	9
405	820-ВП-Б1	28	5600	6160	9
406	820-ВП-А2	25.2	5040	5544	9
407	820-ВП-Б2	38.4	7680	8448	9
408	1020-ВП-А1	14.8	2960	3256	9
409	1020-ВП-Б1	28	5600	6160	9
410	1020-ВП-А2	25.2	5040	5544	9
411	1020-ВП-Б2	38.4	7680	8448	9
412	1220-ВП-А1	32.4	6480	7128	9
413	1220-ВП-Б1	54	10800	11880	9
414	1220-ВП-А2	37.6	7520	8272	9
415	1220-ВП-Б2	59.4	11880	13068	9
416	1420-ВП-А1	32.4	6480	7128	9
417	1420-ВП-Б1	54	10800	11880	9
418	1420-ВП-А2	37.6	7520	8272	9
419	1420-ВП-Б2	59.4	11880	13068	9
420	25-ХБ-А	0.1	20	22	10
421	25-ХБ-Б	0.14	28	31	10
422	25-ХБ-В	0.1	20	22	10
423	25-ХБ-Г	0.14	28	31	10
424	32-ХБ-А	0.1	20	22	10
425	32-ХБ-Б	0.18	36	40	10
426	32-ХБ-В	0.1	20	22	10
427	32-ХБ-Г	0.18	36	40	10
428	38-ХБ-А	0.2	40	44	10
429	38-ХБ-Б	0.28	56	62	10
430	38-ХБ-В	0.1	20	22	10
431	38-ХБ-Г	0.18	36	40	10
432	45-ХБ-А	0.2	40	44	10
433	45-ХБ-Б	0.32	64	70	10
434	45-ХБ-В	0.1	20	22	10
435	45-ХБ-Г	0.22	44	48	10
436	57-ХБ-А	0.3	60	66	10
437	57-ХБ-Б	0.5	100	110	10
438	57-ХБ-В	0.2	40	44	10
439	57-ХБ-Г	0.4	80	88	10
440	76-ХБ-А	0.4	80	88	10
441	76-ХБ-Б	0.6	120	132	10
442	76-ХБ-В	0.3	60	66	10
443	76-ХБ-Г	0.5	100	110	10
444	89-ХБ-А	0.4	80	88	10
445	89-ХБ-Б	0.6	120	132	10
446	89-ХБ-В	0.3	60	66	10
447	89-ХБ-Г	0.5	100	110	10
448	108-ХБ-А	0.8	160	176	10
449	108-ХБ-Б	1.08	216	238	10
450	108-ХБ-В	0.6	120	132	10
451	108-ХБ-Г	0.88	176	194	10
452	133-ХБ-А	1	200	220	10
453	133-ХБ-Б	1.52	304	334	10
454	133-ХБ-В	0.7	140	154	10
455	133-ХБ-Г	1.22	244	268	10
456	159-ХБ-А	1.8	360	396	10
457	159-ХБ-Б	2.32	464	510	10
458	159-ХБ-В	1.3	260	286	10
459	159-ХБ-Г	1.82	364	400	10
460	219-ХБ-А	2.2	440	484	10
461	219-ХБ-Б	3.24	648	713	10
462	273-ХБ-А	2.6	520	572	10
463	273-ХБ-Б	3.64	728	801	10
464	325-ХБ-А	3	600	660	10
465	325-ХБ-Б	4.04	808	889	10
466	377-ХБ-А	5	1000	1100	10
467	377-ХБ-Б	6.24	1248	1373	10
468	426-ХБ-А	5.5	1100	1210	10
469	426-ХБ-Б	8.4	1680	1848	10
470	530-ХБ-А	6.6	1320	1452	10
471	530-ХБ-Б	9.5	1900	2090	10
472	1020-УП-А	25	5000	5500	11
473	1020-УП-Б	34.7	6940	7634	11
474	1220-УП-А	35.3	7060	7766	11
475	1220-УП-Б	44.8	8960	9856	11
476	1420-УП-А	38.9	7780	8558	11
477	1420-УП-Б	50.7	10140	11154	11
478	57-ШП-А1	0.5	100	110	12
479	57-ШП-А2	1	200	220	12
480	76-ШП-А1	0.5	100	110	12
481	76-ШП-А2	1	200	220	12
482	89-ШП-А1	0.7	140	154	12
483	89-ШП-А2	1.4	280	308	12
484	108-ШП-А1	0.7	140	154	12
485	108-ШП-А2	1.4	280	308	12
486	133-ШП-А1	0.9	180	198	12
487	133-ШП-А2	2.1	420	462	12
488	159-ШП-А1	0.9	180	198	12
489	159-ШП-А2	2.1	420	462	12
490	219-ШП-А1	1.6	320	352	12
491	219-ШП-А2	2.6	520	572	12
492	273-ШП-А1	2.1	420	462	12
493	273-ШП-А2	3.1	620	682	12
494	325-ШП-А1	2.1	420	462	12
495	325-ШП-А2	3.1	620	682	12
496	377-ШП-А1	2.8	560	616	12
497	377-ШП-А2	4.3	860	946	12
498	426-ШП-А1	2.8	560	616	12
499	426-ШП-А2	4.3	860	946	12
500	530-ШП-А1	4.6	920	1012	12
501	530-ШП-А2	7.4	1480	1628	12
502	630-ШП-А1	4.6	920	1012	12
503	630-ШП-А2	7.4	1480	1628	12
504	820-ШП-А1	12.7	2540	2794	12
505	219-КН-А11	17.5	3500	3850	13
506	219-КН-Х11	27.1	5420	5962	13
507	219-КН-А12	39.9	7980	8778	13
508	219-КН-А13	62.5	12500	13750	13
509	219-КН-Б12	40.8	8160	8976	13
510	219-КН-Б13	63.4	12680	13948	13
511	219-КН-Х12	49.5	9900	10890	13
512	219-КН-Х13	72.1	14420	15862	13
513	273-КН-А11	17.4	3480	3828	13
514	273-КН-Х11	28.8	5760	6336	13
515	273-КН-А12	40.9	8180	8998	13
516	273-КН-А13	64.8	12960	14256	13
517	273-КН-Б12	41.9	8380	9218	13
518	273-КН-Б13	65.8	13160	14476	13
519	273-КН-Х12	52.3	10460	11506	13
520	273-КН-Х13	76.2	15240	16764	13
521	325-КН-А11	18.1	3620	3982	13
522	325-КН-Х11	31.1	6220	6842	13
523	325-КН-А12	40.7	8140	8954	13
524	325-КН-А13	64.3	12860	14146	13
525	325-КН-Б12	41.7	8340	9174	13
526	325-КН-Б13	65.3	13060	14366	13
527	325-КН-Х12	53.7	10740	11814	13
528	325-КН-Х13	77.3	15460	17006	13
529	377-КН-А11	18.1	3620	3982	13
530	377-КН-Х11	32.9	6580	7238	13
531	377-КН-А12	40.5	8100	8910	13
532	377-КН-А13	64	12800	14080	13
533	377-КН-Б12	41.5	8300	9130	13
534	377-КН-Б13	65	13000	14300	13
535	377-КН-Х12	55.3	11060	12166	13
536	377-КН-Х13	78.3	15660	17226	13
537	426-КН-А11	19.5	3900	4290	13
538	426-КН-Х11	35.9	7180	7898	13
539	426-КН-А12	43.6	8720	9592	13
540	426-КН-А13	69.3	13860	15246	13
541	426-КН-Б12	45	9000	9900	13
542	426-КН-Б13	71.2	14240	15664	13
543	426-КН-Х12	60	12000	13200	13
544	426-КН-Х13	86.2	17240	18964	13
545	530-КН-А11	27	5400	5940	13
546	530-КН-Х11	55.2	11040	12144	13
547	530-КН-А12	60.2	12040	13244	13
548	530-КН-А13	91.9	18380	20218	13
549	530-КН-Б12	61.5	12300	13530	13
550	530-КН-Б13	94.6	18920	20812	13
551	530-КН-Х12	88.4	17680	19448	13
552	530-КН-Х13	120.1	24020	26422	13
553	630-КН-А11	26.8	5360	5896	13
554	630-КН-Х11	59.6	11920	13112	13
555	630-КН-А12	59.8	11960	13156	13
556	630-КН-А13	91.2	18240	20064	13
557	630-КН-Б12	61.5	12300	13530	13
558	630-КН-Б13	93.9	18780	20658	13
559	630-КН-Х12	92.6	18520	20372	13
560	630-КН-Х13	124	24800	27280	13
561	820-КН-А12	63.5	12700	13970	13
562	820-КН-А13	97.9	19580	21538	13
563	820-КН-Б12	67	13400	14740	13
564	820-КН-Б13	101.4	20280	22308	13
565	1020-КН-А12	95	19000	20900	13
566	1020-КН-А13	146.4	29280	32208	13
567	1020-КН-Б12	104	20800	22880	13
568	1020-КН-Б13	156.3	31260	34386	13
569	1220-КН-А12	100	20000	22000	13
570	1220-КН-А13	155	31000	34100	13
571	1220-КН-Б12	112	22400	24640	13
572	1220-КН-Б13	167	33400	36740	13
573	Т3.01	0.33	66	73	14
574	Т3.02	0.34	68	75	14
575	Т3.03	0.35	70	77	14
576	Т3.04	0.37	74	81	14
577	Т3.05	0.46	92	101	14
578	Т3.06	0.49	98	108	14
579	Т3.07	1.18	236	260	14
580	Т3.08	1.24	248	273	14
581	Т3.09	1.3	260	286	14
582	Т3.10	1.38	276	304	14
583	Т3.11	1.45	290	319	14
584	Т4.01	4.24	848	933	15
585	Т4.02	4.4	880	968	15
586	Т4.03	6.6	1320	1452	15
587	Т4.04	6.88	1376	1514	15
588	Т4.05	11.64	2328	2561	15
589	Т4.06	11.28	2256	2482	15
590	Т4.07	12.6	2520	2772	15
591	Т4.08	14.16	2832	3115	15
592	Т4.09	26.72	5344	5878	15
593	Т4.10	26.92	5384	5922	15
594	Т4.11	32.32	6464	7110	15
595	Т4.12	33.88	6776	7454	15
596	Т4.13	38.4	7680	8448	15
597	Т4.14	40	8000	8800	15
598	Т4.15	42.4	8480	9328	15
599	Т4.16	48.8	9760	10736	15
600	Т4.17	58.8	11760	12936	15
601	Т4.18	66	13200	14520	15
602	Т5.02	8.8	1760	1936	16
603	Т5.03	13.2	2640	2904	16
604	Т5.04	13.7	2740	3014	16
605	Т5.05	23.3	4660	5126	16
606	Т5.06	22.5	4500	4950	16
607	Т5.07	25.2	5040	5544	16
608	Т5.08	28.3	5660	6226	16
609	Т5.09	53.4	10680	11748	16
610	Т5.10	53.8	10760	11836	16
611	Т5.11	54.5	10900	11990	16
612	Т5.12	57.7	11540	12694	16
613	Т5.13	76.8	15360	16896	16
614	Т5.14	80	16000	17600	16
615	Т5.15	84.8	16960	18656	16
616	Т5.16	97.6	19520	21472	16
617	Т5.17	117.6	23520	25872	16
618	Т5.18	132	26400	29040	16
619	Т6.01	5.2	1040	1144	17
620	Т6.02	5.6	1120	1232	17
621	Т6.03	7.8	1560	1716	17
622	Т6.04	9.2	1840	2024	17
623	Т6.05	14.4	2880	3168	17
624	Т6.05	14.4	2880	3168	17
625	Т6.06	14.1	2820	3102	17
626	Т6.06	14.1	2820	3102	17
627	Т6.07	16.5	3300	3630	17
628	Т6.07	16.5	3300	3630	17
629	Т6.08	20.8	4160	4576	17
630	Т6.09	36.2	7240	7964	17
631	Т6.09	36.2	7240	7964	17
632	Т6.10	37	7400	8140	17
633	Т6.10	37	7400	8140	17
634	Т6.11	43.7	8740	9614	17
635	Т6.11	43.7	8740	9614	17
636	Т6.11	43.7	8740	9614	17
637	Т6.12	52	10400	11440	17
638	Т6.12	52	10400	11440	17
639	Т6.12	52	10400	11440	17
640	Т6.12	52	10400	11440	17
641	Т6.13	64.8	12960	14256	17
642	Т6.13	64.8	12960	14256	17
643	Т6.13	64.8	12960	14256	17
644	Т6.13	64.8	12960	14256	17
645	Т6.14	67.3	13460	14806	17
646	Т6.14	67.3	13460	14806	17
647	Т6.14	67.3	13460	14806	17
648	Т6.14	67.3	13460	14806	17
649	Т6.15	77.8	15560	17116	17
650	Т6.15	77.8	15560	17116	17
651	Т6.15	77.8	15560	17116	17
652	Т6.15	77.8	15560	17116	17
653	Т6.16	89.6	17920	19712	17
654	Т6.16	89.6	17920	19712	17
655	Т6.16	89.6	17920	19712	17
656	Т6.16	89.6	17920	19712	17
657	Т6.16	89.6	17920	19712	17
658	Т6.17	113.3	22660	24926	17
659	Т6.17	113.3	22660	24926	17
660	Т6.17	113.3	22660	24926	17
661	Т6.17	113.3	22660	24926	17
662	Т6.18	135.8	27160	29876	17
663	Т6.18	135.8	27160	29876	17
664	Т6.19	11.8	2360	2596	17
665	Т6.20	17.6	3520	3872	17
666	Т6.20	17.6	3520	3872	17
667	Т6.21	17.3	3460	3806	17
668	Т6.21	17.3	3460	3806	17
669	Т6.22	20.8	4160	4576	17
670	Т6.22	20.8	4160	4576	17
671	Т6.23	27.5	5500	6050	17
672	Т6.24	44.2	8840	9724	17
673	Т6.24	44.2	8840	9724	17
674	Т6.25	47.1	9420	10362	17
675	Т6.25	47.1	9420	10362	17
676	Т6.26	56.7	11340	12474	17
677	Т6.26	56.7	11340	12474	17
678	Т6.26	56.7	11340	12474	17
679	Т6.27	71.1	14220	15642	17
680	Т6.27	71.1	14220	15642	17
681	Т6.27	71.1	14220	15642	17
682	Т6.27	71.1	14220	15642	17
683	Т6.28	90.6	18120	19932	17
684	Т6.28	90.6	18120	19932	17
685	Т6.28	90.6	18120	19932	17
686	Т6.28	90.6	18120	19932	17
687	Т6.29	94.6	18920	20812	17
688	Т6.29	94.6	18920	20812	17
689	Т6.29	94.6	18920	20812	17
690	Т6.29	94.6	18920	20812	17
691	Т6.30	112.2	22440	24684	17
692	Т6.30	112.2	22440	24684	17
693	Т6.30	112.2	22440	24684	17
694	Т6.30	112.2	22440	24684	17
695	Т6.31	132.2	26440	29084	17
696	Т6.31	132.2	26440	29084	17
697	Т6.31	132.2	26440	29084	17
698	Т6.31	132.2	26440	29084	17
699	Т6.31	132.2	26440	29084	17
700	Т6.32	169.3	33860	37246	17
701	Т6.32	169.3	33860	37246	17
702	Т6.32	169.3	33860	37246	17
703	Т6.32	169.3	33860	37246	17
704	Т6.33	205.8	41160	45276	17
705	Т6.33	205.8	41160	45276	17
706	Т7.09	70.4	14080	15488	18
707	Т7.09	70.4	14080	15488	18
708	Т7.10	74.1	14820	16302	18
709	Т7.10	74.1	14820	16302	18
710	Т7.11	87.4	17480	19228	18
711	Т7.11	87.4	17480	19228	18
712	Т7.11	87.4	17480	19228	18
713	Т7.12	104	20800	22880	18
714	Т7.12	104	20800	22880	18
715	Т7.12	104	20800	22880	18
716	Т7.12	104	20800	22880	18
717	Т7.13	129.5	25900	28490	18
718	Т7.13	129.5	25900	28490	18
719	Т7.13	129.5	25900	28490	18
720	Т7.13	129.5	25900	28490	18
721	Т7.14	134.7	26940	29634	18
722	Т7.14	134.7	26940	29634	18
723	Т7.14	134.7	26940	29634	18
724	Т7.14	134.7	26940	29634	18
725	Т7.15	155.7	31140	34254	18
726	Т7.15	155.7	31140	34254	18
727	Т7.15	155.7	31140	34254	18
728	Т7.15	155.7	31140	34254	18
729	Т7.16	179.1	35820	39402	18
730	Т7.16	179.1	35820	39402	18
731	Т7.16	179.1	35820	39402	18
732	Т7.16	179.1	35820	39402	18
733	Т7.16	179.1	35820	39402	18
734	Т7.17	226.6	45320	49852	18
735	Т7.17	226.6	45320	49852	18
736	Т7.17	226.6	45320	49852	18
737	Т7.17	226.6	45320	49852	18
738	Т7.18	271.7	54340	59774	18
739	Т7.18	271.7	54340	59774	18
740	Т8.01	8.9	1780	1958	19
741	Т8.02	9.3	1860	2046	19
742	Т8.03	10.8	2160	2376	19
743	Т8.04	13	2600	2860	19
744	Т8.05	16.3	3260	3586	19
745	Т8.06	18.3	3660	4026	19
746	Т8.07	24.6	4920	5412	19
747	Т8.08	27.8	5560	6116	19
748	Т8.09	46.9	9380	10318	19
749	Т8.10	49.1	9820	10802	19
750	Т8.11	34.2	6840	7524	19
751	Т8.12	51.8	10360	11396	19
752	Т8.13	38.5	7700	8470	19
753	Т8.14	72.8	14560	16016	19
754	Т8.15	51.2	10240	11264	19
755	Т8.16	85.6	17120	18832	19
756	Т8.17	90.4	18080	19888	19
757	Т8.18	145.1	29020	31922	19
758	Т8.19	112	22400	24640	19
759	Т8.20	173.6	34720	38192	19
760	Т8.21	125.8	25160	27676	19
761	Т8.22	202.2	40440	44484	19
762	Т8.23	152.2	30440	33484	19
763	Т8.24	255	51000	56100	19
764	Т8.25	202	40400	44440	19
765	Т8.26	393.4	78680	86548	19
766	Т9.09	49.1	9820	10802	20
767	Т9.10	56.1	11220	12342	20
768	Т9.12	69.4	13880	15268	20
769	Т9.14	97.6	19520	21472	20
770	Т9.16	114.5	22900	25190	20
771	Т9.18	143.5	28700	31570	20
772	Т9.20	220.4	44080	48488	20
773	Т9.22	261.8	52360	57596	20
774	Т9.24	334.2	66840	73524	20
775	Т925	264.5	52900	58190	20
776	Т9.26	429.2	85840	94424	20
777	Т10.04	1.14	228	251	21
778	Т10.05	1.76	352	387	21
779	Т10.06	2.16	432	475	21
780	Т10.07	4	800	880	21
781	Т10.08	5.66	1132	1245	21
782	Т10.09	6.32	1264	1390	21
783	Т10.10	9.68	1936	2130	21
784	Т10.11	10.68	2136	2350	21
785	Т10.12	12.66	2532	2785	21
786	Т10.13	14.46	2892	3181	21
787	Т10.14	16.42	3284	3612	21
788	Т10.15	30.78	6156	6772	21
789	Т10.16	34.04	6808	7489	21
790	Т10.17	48.98	9796	10776	21
791	Т10.18	56.52	11304	12434	21
792	Т10.19	16.6	3320	3652	21
793	Т10.20	18.6	3720	4092	21
794	Т10.21	30.4	6080	6688	21
795	Т10.22	32.6	6520	7172	21
796	Т10.23	36.66	7332	8065	21
797	Т10.24	41.26	8252	9077	21
798	Т10.25	77.76	15552	17107	21
799	Т10.26	85.54	17108	18819	21
800	Т10.27	121.86	24372	26809	21
801	Т10.28	140.74	28148	30963	21
802	Т11.01	3.09	618	680	22
803	Т11.02	3.4	680	748	22
804	Т11.03	4.6	920	1012	22
805	Т11.04	5.52	1104	1214	22
806	Т11.05	8.7	1740	1914	22
807	Т11.06	9.91	1982	2180	22
808	Т11.07	11.72	2344	2578	22
809	Т11.08	14.36	2872	3159	22
810	Т11.09	22.04	4408	4849	22
811	Т11.10	23.47	4694	5163	22
812	Т11.11	27.31	5462	6008	22
813	Т11.12	36.7	7340	8074	22
814	Т11.13	44.58	8916	9808	22
815	Т11.14	47.48	9496	10446	22
816	Т11.15	54.32	10864	11950	22
817	Т11.16	61.78	12356	13592	22
818	Т11.17	3.48	696	766	22
819	Т11.18	3.78	756	832	22
820	Т11.19	4.96	992	1091	22
821	Т11.20	5.88	1176	1294	22
822	Т11.21	8.94	1788	1967	22
823	Т11.22	9.14	1828	2011	22
824	Т11.23	13.14	2628	2891	22
825	Т11.24	15.9	3180	3498	22
826	Т11.25	23.7	4740	5214	22
827	Т11.26	25.24	5048	5553	22
828	Т11.27	29.26	5852	6437	22
829	Т11.28	40.08	8016	8818	22
830	Т11.29	48.2	9640	10604	22
831	Т11.30	51.44	10288	11317	22
832	Т11.31	58.62	11724	12896	22
833	Т11.32	66.38	13276	14604	22
834	Т12.01	3.8	760	836	23
835	Т12.02	4.7	940	1034	23
836	Т12.03	5.6	1120	1232	23
837	Т12.04	4.1	820	902	23
838	Т12.05	4.9	980	1078	23
839	Т12.06	6	1200	1320	23
840	Т12.07	4.3	860	946	23
841	Т12.08	5.2	1040	1144	23
842	Т12.09	6.2	1240	1364	23
843	Т12.10	5.8	1160	1276	23
844	Т12.11	6.9	1380	1518	23
845	Т12.12	8	1600	1760	23
846	Т12.13	6.8	1360	1496	23
847	Т12.14	7.8	1560	1716	23
848	Т12.15	8.9	1780	1958	23
849	Т12.16	7.5	1500	1650	23
850	Т12.17	8.5	1700	1870	23
851	Т12.18	9.5	1900	2090	23
852	Т12.19	21.4	4280	4708	23
853	Т12.20	24.1	4820	5302	23
854	Т12.21	27.1	5420	5962	23
855	Т12.22	22.3	4460	4906	23
856	Т12.23	24.9	4980	5478	23
857	Т12.24	27.6	5520	6072	23
858	Т12.25	25.9	5180	5698	23
859	Т12.26	28.9	5780	6358	23
860	Т12.27	31.5	6300	6930	23
861	Т12.28	30.4	6080	6688	23
862	Т12.29	33.3	6660	7326	23
863	Т12.30	36	7200	7920	23
864	Т12.31	33.5	6700	7370	23
865	Т12.32	36.2	7240	7964	23
866	Т12.33	38.8	7760	8536	23
867	Т44.01	40.9	8180	8998	24
868	Т44.02	43.6	8720	9592	24
869	Т44.03	46.2	9240	10164	24
870	Т44.04	46.9	9380	10318	24
871	Т44.05	50.6	10120	11132	24
872	Т44.06	53.3	10660	11726	24
873	Т44.07	75.8	15160	16676	24
874	Т44.08	81.3	16260	17886	24
875	Т44.09	86.9	17380	19118	24
876	Т44.10	81.5	16300	17930	24
877	Т44.11	87	17400	19140	24
878	Т44.12	92.8	18560	20416	24
879	Т44.13	99.5	19900	21890	24
880	Т44.14	105	21000	23100	24
881	Т44.15	111	22200	24420	24
882	Т44.16	193.4	38680	42548	24
883	Т44.17	205.7	41140	45254	24
884	Т44.18	218.1	43620	47982	24
885	Т44.19	210.7	42140	46354	24
886	Т44.20	220.6	44120	48532	24
887	Т44.21	232.4	46480	51128	24
888	Т44.22	263.8	52760	58036	24
889	Т44.23	276.2	55240	60764	24
890	Т44.24	289.1	57820	63602	24
891	Т44.25	345	69000	75900	24
892	Т44.26	362.5	72500	79750	24
893	Т44.27	372.1	74420	81862	24
894	Т44.28	368	73600	80960	24
895	Т44.29	385.5	77100	84810	24
896	Т44.30	405	81000	89100	24
897	Т44.31	417.3	83460	91806	24
898	Т44.32	434.9	86980	95678	24
899	Т44.33	454.4	90880	99968	24
900	Т46.11	32	6400	7040	25
901	Т46.12	33.6	6720	7392	25
902	Т46.13	40	8000	8800	25
903	Т46.14	41.6	8320	9152	25
904	Т13.01	0.697	139	153	26
905	Т13.02	0.915	183	201	26
906	Т13.03	1.234	247	271	26
907	Т13.04	0.886	177	195	26
908	Т13.05	1.19	238	262	26
909	Т13.06	1.499	300	330	26
910	Т13.07	1.096	219	241	26
911	Т13.08	1.46	292	321	26
912	Т13.09	1.864	373	410	26
913	Т13.10	1.335	267	294	26
914	Т13.11	1.83	366	403	26
915	Т13.12	2.264	453	498	26
916	Т13.13	3.91	782	860	26
917	Т13.14	4.92	984	1082	26
918	Т13.15	5.82	1164	1280	26
919	Т13.16	3.71	742	816	26
920	Т13.17	4.7	940	1034	26
921	Т13.18	5.67	1134	1247	26
922	Т13.19	3.25	650	715	26
923	Т13.20	4.5	900	990	26
924	Т13.21	5.49	1098	1208	26
925	Т13.22	6.52	1304	1434	26
926	Т13.23	8.25	1650	1815	26
927	Т13.24	9.25	1850	2035	26
928	Т13.25	6.1	1220	1342	26
929	Т13.26	7.82	1564	1720	26
930	Т13.27	9.58	1916	2108	26
931	Т13.28	5.47	1094	1203	26
932	Т13.29	7.23	1446	1591	26
933	Т13.30	8.9	1780	1958	26
934	Т13.31	12.93	2586	2845	26
935	Т13.32	16.13	3226	3549	26
936	Т13.33	19.43	3886	4275	26
937	Т13.34	12.33	2466	2713	26
938	Т13.35	15.5	3100	3410	26
939	Т13.36	18.79	3758	4134	26
940	Т13.37	11.74	2348	2583	26
941	Т13.38	14.96	2992	3291	26
942	Т13.39	18.24	3648	4013	26
943	Т.14.01	1.28	256	282	27
944	Т.14.02	1.74	348	383	27
945	Т.14.03	2.2	440	484	27
946	Т.14.04	1.55	310	341	27
947	Т.14.05	2.06	412	453	27
948	Т.14.06	2.64	528	581	27
949	Т.14.07	1.84	368	405	27
950	Т.14.08	2.39	478	526	27
951	Т.14.09	2.98	596	656	27
952	Т.14.10	2.25	450	495	27
953	Т.14.11	2.89	578	636	27
954	Т.14.12	3.54	708	779	27
955	Т.14.13	6.17	1234	1357	27
956	Т.14.14	7.8	1560	1716	27
957	Т.14.15	9.36	1872	2059	27
958	Т.14.16	5.87	1174	1291	27
959	Т.14.17	7.46	1492	1641	27
960	Т.14.18	9.07	1814	1995	27
961	Т.14.19	5.33	1066	1173	27
962	Т.14.20	7.2	1440	1584	27
963	Т.14.21	8.81	1762	1938	27
964	Т.14.22	10.56	2112	2323	27
965	Т.14.23	13.28	2656	2922	27
966	Т.14.24	15.29	3058	3364	27
967	Т.14.25	10.04	2008	2209	27
968	Т.14.26	12.73	2546	2801	27
969	Т.14.27	15.47	3094	3403	27
970	Т.14.28	9.29	1858	2044	27
971	Т.14.29	12.04	2408	2649	27
972	Т.14.30	14.68	2936	3230	27
973	Т.14.31	20.55	4110	4521	27
974	Т.14.32	25.45	5090	5599	27
975	Т.14.33	30.76	6152	6767	27
976	Т.14.34	19.81	3962	4358	27
977	Т.14.35	24.76	4952	5447	27
978	Т.14.36	29.78	5956	6552	27
979	Т.14.37	19.02	3804	4184	27
980	Т.14.38	23.96	4792	5271	27
981	Т.14.39	29.06	5812	6393	27
982	Т.14.40	27.42	5484	6032	27
983	Т.14.41	33.41	6682	7350	27
984	Т.14.42	39.48	7896	8686	27
985	Т.14.43	26.56	5312	5843	27
986	Т.14.44	32.56	6512	7163	27
987	Т.14.45	38.6	7720	8492	27
988	Т.14.46	33.85	6770	7447	27
989	Т.14.47	41.76	8352	9187	27
990	Т.14.48	50.02	10004	11004	27
991	Т.14.49	50.45	10090	11099	27
992	Т.14.50	60.87	12174	13391	27
993	Т.14.51	71.59	14318	15750	27
994	Т.14.52	52.29	10458	11504	27
995	Т.14.53	62.71	12542	13796	27
996	Т.14.54	73.15	14630	16093	27
997	Т.14.55	62.36	12472	13719	27
998	Т.14.56	75.24	15048	16553	27
999	Т.14.57	88.58	17716	19488	27
1000	Т.15.01	10.26	2052	2257	28
1001	Т.15.02	12.9	2580	2838	28
1002	Т.15.03	15.44	3088	3397	28
1003	Т.15.04	9.79	1958	2154	28
1004	Т.15.05	12.41	2482	2730	28
1005	Т.15.06	15.03	3006	3307	28
1006	Т.15.07	9.06	1812	1993	28
1007	Т.15.08	11.94	2388	2627	28
1008	Т.15.09	14.54	2908	3199	28
1009	Т.15.10	17.82	3564	3920	28
1010	Т.15.11	22.01	4402	4842	28
1011	Т.15.12	25.57	5114	5625	28
1012	Т.15.13	16.95	3390	3729	28
1013	Т.15.14	21.22	4244	4668	28
1014	Т.15.15	25.44	5088	5597	28
1015	Т.15.16	16.04	3208	3529	28
1016	Т.15.17	20.33	4066	4473	28
1017	Т.15.18	24.47	4894	5383	28
1018	Т.15.19	33.68	6736	7410	28
1019	Т.15.20	41.16	8232	9055	28
1020	Т.15.21	48.64	9728	10701	28
1021	Т.15.22	32.63	6526	7179	28
1022	Т.15.23	40.09	8018	8820	28
1023	Т.15.24	47.57	9514	10465	28
1024	Т.15.25	31.28	6256	6882	28
1025	Т.15.26	38.78	7756	8532	28
1026	Т.15.27	47.24	9448	10393	28
1027	Т.15.28	43.26	8652	9517	28
1028	Т.15.29	52.02	10404	11444	28
1029	Т.15.30	60.9	12180	13398	28
1030	Т.15.31	42.1	8420	9262	28
1031	Т.15.32	50.84	10168	11185	28
1032	Т.15.33	59.72	11944	13138	28
1033	Т.15.34	53.42	10684	11752	28
1034	Т.15.35	65.04	13008	14309	28
1035	Т.15.36	77.02	15404	16944	28
1036	Т.15.37	77.18	15436	16980	28
1037	Т.15.38	92.04	18408	20249	28
1038	Т.15.39	107.1	21420	23562	28
1039	Т.15.40	78.12	15624	17186	28
1040	Т.15.41	92.78	18556	20412	28
1041	Т.15.42	107.66	21532	23685	28
1042	Т.15.43	93.52	18704	20574	28
1043	Т.15.44	111.76	22352	24587	28
1044	Т.15.45	130.66	26132	28745	28
1045	Т.16.01	7.26	1452	1597	29
1046	Т.16.02	8.36	1672	1839	29
1047	Т.16.03	9.2	1840	2024	29
1048	Т.16.04	7.56	1512	1663	29
1049	Т.16.05	8.54	1708	1879	29
1050	Т.16.06	9.5	1900	2090	29
1051	Т.16.07	8.94	1788	1967	29
1052	Т.16.08	10.18	2036	2240	29
1053	Т.16.09	11.16	2232	2455	29
1054	Т.16.10	12.45	2490	2739	29
1055	Т.16.11	14.15	2830	3113	29
1056	Т.16.12	15.16	3032	3335	29
1057	Т.16.13	14.48	2896	3186	29
1058	Т.16.14	16.19	3238	3562	29
1059	Т.16.15	17.93	3586	3945	29
1060	Т.16.16	15.27	3054	3359	29
1061	Т.16.17	16.98	3396	3736	29
1062	Т.16.18	18.72	3744	4118	29
1063	Т.16.19	17.1	3420	3762	29
1064	Т.16.20	18.84	3768	4145	29
1065	Т.16.21	20.49	4098	4508	29
1066	Т.16.22	27.79	5558	6114	29
1067	Т.16.23	30.95	6190	6809	29
1068	Т.16.24	34.21	6842	7526	29
1069	Т.16.25	29.55	5910	6501	29
1070	Т.16.26	32.89	6578	7236	29
1071	Т.16.27	33.95	6790	7469	29
1072	Т.16.28	31.08	6216	6838	29
1073	Т.16.29	34.28	6856	7542	29
1074	Т.16.30	37.5	7500	8250	29
1075	Т.17.01	10.42	2084	2292	30
1076	Т.17.02	12.06	2412	2653	30
1077	Т.17.03	13.6	2720	2992	30
1078	Т.17.04	10.72	2144	2358	30
1079	Т.17.05	12.3	2460	2706	30
1080	Т.17.06	13.89	2778	3056	30
1081	Т.17.07	13.16	2632	2895	30
1082	Т.17.08	15.02	3004	3304	30
1083	Т.17.09	16.61	3322	3654	30
1084	Т.17.10	18.62	3724	4096	30
1085	Т.17.11	21.29	4258	4684	30
1086	Т.17.12	23.31	4662	5128	30
1087	Т.17.13	22.14	4428	4871	30
1088	Т.17.14	24.83	4966	5463	30
1089	Т.17.15	27.57	5514	6065	30
1090	Т.17.16	23.71	4742	5216	30
1091	Т.17.17	26.4	5280	5808	30
1092	Т.17.18	29.14	5828	6411	30
1093	Т.17.19	26.73	5346	5881	30
1094	Т.17.20	29.46	5892	6481	30
1095	Т.17.21	32.1	6420	7062	30
1096	Т.17.22	45.95	9190	10109	30
1097	Т.17.23	50.7	10140	11154	30
1098	Т.17.24	54.75	10950	12045	30
1099	Т.17.25	48.08	9616	10578	30
1100	Т.17.26	52.91	10582	11640	30
1101	Т.17.27	57.86	11572	12729	30
1102	Т.17.28	50.02	10004	11004	30
1103	Т.17.29	54.89	10978	12076	30
1104	Т.17.30	59.82	11964	13160	30
1105	Т.17.31	63.56	12712	13983	30
1106	Т.17.32	69.78	13956	15352	30
1107	Т.17.33	76.02	15204	16724	30
1108	Т.17.34	67.84	13568	14925	30
1109	Т.17.35	74.04	14808	16289	30
1110	Т.17.36	80.28	16056	17662	30
1111	Т.17.37	104.07	20814	22895	30
1112	Т.17.38	112.08	22416	24658	30
1113	Т.17.39	120.24	24048	26453	30
1114	Т.17.40	123.13	24626	27089	30
1115	Т.17.41	133.65	26730	29403	30
1116	Т.17.42	144.37	28874	31761	30
1117	Т.17.43	142.82	28564	31420	30
1118	Т.17.44	153.24	30648	33713	30
1119	Т.17.45	163.78	32756	36032	30
1120	Т.17.46	161.81	32362	35598	30
1121	Т.17.47	174.59	34918	38410	30
1122	Т.17.48	187.83	37566	41323	30
1123	Т.18.01	14.59	2918	3210	31
1124	Т.18.02	17.23	3446	3791	31
1125	Т.18.03	19.77	3954	4349	31
1126	Т.18.04	14.71	2942	3236	31
1127	Т.18.05	17.31	3462	3808	31
1128	Т.18.06	19.93	3986	4385	31
1129	Т.18.07	16.95	3390	3729	31
1130	Т.18.08	19.83	3966	4363	31
1131	Т.18.09	22.43	4486	4935	31
1132	Т.18.10	26	5200	5720	31
1133	Т.18.11	30.19	6038	6642	31
1134	Т.18.12	33.75	6750	7425	31
1135	Т.18.13	29.2	5840	6424	31
1136	Т.18.14	33.47	6694	7363	31
1137	Т.18.15	37.69	7538	8292	31
1138	Т.18.16	30.77	6154	6769	31
1139	Т.18.17	35.04	7008	7709	31
1140	Т.18.18	39.26	7852	8637	31
1141	Т.18.19	33.67	6734	7407	31
1142	Т.18.20	37.96	7592	8351	31
1143	Т.18.21	42.1	8420	9262	31
1144	Т.18.22	58.59	11718	12890	31
1145	Т.18.23	66.07	13214	14535	31
1146	Т.18.24	73.65	14730	16203	31
1147	Т.18.25	61.42	12284	13512	31
1148	Т.18.26	68.88	13776	15154	31
1149	Т.18.27	76.46	15292	16821	31
1150	Т.18.28	62.88	12576	13834	31
1151	Т.18.29	70.36	14072	15479	31
1152	Т.18.30	77.92	15584	17142	31
1153	Т.18.31	79.48	15896	17486	31
1154	Т.18.32	88.24	17648	19413	31
1155	Т.18.33	97.12	19424	21366	31
1156	Т.18.34	83.34	16668	18335	31
1157	Т.18.35	92.08	18416	20258	31
1158	Т.18.36	100.96	20192	22211	31
1159	Т.18.37	123.14	24628	27091	31
1160	Т.18.38	134.76	26952	29647	31
1161	Т.18.39	146.84	29368	32305	31
1162	Т.18.40	130.42	26084	28692	31
1163	Т.18.41	165.28	33056	36362	31
1164	Т.18.42	180.34	36068	39675	31
1165	Т.18.43	169.05	33810	37191	31
1166	Т.18.44	183.71	36742	40416	31
1167	Т.18.45	198.59	39718	43690	31
1168	Т.18.46	193.67	38734	42607	31
1169	Т.18.47	211.91	42382	46620	31
1170	Т.18.48	230.81	46162	50778	31
1171	Т.19.01	12.32	2464	2710	32
1172	Т.19.02	18.79	3758	4134	32
1173	Т.19.03	12.12	2424	2666	32
1174	Т.19.04	18.49	3698	4068	32
1175	Т.19.05	11.66	2332	2565	32
1176	Т.19.06	17.95	3590	3949	32
1177	Т.19.07	33.86	6772	7449	32
1178	Т.19.08	44.31	8862	9748	32
1179	Т.19.09	33.44	6688	7357	32
1180	Т.19.10	43.79	8758	9634	32
1181	Т.19.11	32.81	6562	7218	32
1182	Т.19.12	43.04	8608	9469	32
1183	Т.19.13	48	9600	10560	32
1184	Т.19.14	63.32	12664	13930	32
1185	Т.19.15	47.4	9480	10428	32
1186	Т.19.16	62.58	12516	13768	32
1187	Т.19.17	46.81	9362	10298	32
1188	Т.19.18	61.79	12358	13594	32
1189	Т.19.19	81.95	16390	18029	32
1190	Т.19.20	81.09	16218	17840	32
1191	Т.19.21	88.68	17736	19510	32
1192	Т.19.22	125.52	25104	27614	32
1193	Т.19.23	125.35	25070	27577	32
1194	Т.19.24	135.43	27086	29795	32
1195	Т.20.01	117.43	23486	25835	33
1196	Т.20.02	151.15	30230	33253	33
1197	Т.20.03	116.63	23326	25659	33
1198	Т.20.04	149.99	29998	32998	33
1199	Т.20.05	124.69	24938	27432	33
1200	Т.20.06	162.62	32524	35776	33
1201	Т.20.07	167.79	33558	36914	33
1202	Т.20.08	217.28	43456	47802	33
1203	Т.20.09	169.63	33926	37319	33
1204	Т.20.10	218.22	43644	48008	33
1205	Т.20.11	180.07	36014	39615	33
1206	Т.20.12	234.9	46980	51678	33
1207	Т.21.01	112.06	22412	24653	34
1208	Т.21.02	162.66	32532	35785	34
1209	Т.21.03	111.86	22372	24609	34
1210	Т.21.04	162.46	32492	35741	34
1211	Т.21.05	111.4	22280	24508	34
1212	Т.21.06	162	32400	35640	34
1213	Т.21.07	115.6	23120	25432	34
1214	Т.21.08	166.2	33240	36564	34
1215	Т.21.09	115.18	23036	25340	34
1216	Т.21.10	165.78	33156	36472	34
1217	Т.21.11	114.55	22910	25201	34
1218	Т.21.12	165.15	33030	36333	34
1219	Т.21.13	154.67	30934	34027	34
1220	Т.21.14	241.94	48388	53227	34
1221	Т.21.15	154.07	30814	33895	34
1222	Т.21.16	241.34	48268	53095	34
1223	Т.21.17	153.48	30696	33766	34
1224	Т.21.18	240.75	48150	52965	34
1225	Т.21.19	138.58	27716	30488	34
1226	Т.21.20	189.18	37836	41620	34
1227	Т.21.21	274.28	54856	60342	34
1228	Т.21.22	330.68	66136	72750	34
1229	Т.21.23	169.43	33886	37275	34
1230	Т.21.24	256.7	51340	56474	34
1231	Т.21.25	273.4	54680	60148	34
1232	Т.21.26	329.8	65960	72556	34
1233	Т.21.27	176.72	35344	38878	34
1234	Т.21.28	263.99	52798	58078	34
1235	Т.21.29	451.78	90356	99392	34
1236	Т.21.30	534.48	106896	117586	34
1237	Т.21.31	299.18	59836	65820	34
1238	Т.21.32	355.58	71116	78228	34
1239	Т.21.33	470.27	94054	103459	34
1240	Т.21.34	552.87	110574	121631	34
1241	Т.21.35	301.02	60204	66224	34
1242	Т.21.36	357.42	71484	78632	34
1243	Т.21.37	472.12	94424	103866	34
1244	Т.21.38	554.71	110942	122036	34
1245	Т.21.39	311.09	62218	68440	34
1246	Т.21.40	367.49	73498	80848	34
1247	Т.21.41	482.18	96436	106080	34
1248	Т.21.42	564.78	112956	124252	34
1249	Т.43.01	0.44	88	97	35
1250	Т.43.02	0.88	176	194	35
1251	Т.43.03	0.61	122	134	35
1252	Т.43.04	1.21	242	266	35
1253	Т.43.05	0.77	154	169	35
1254	Т.43.06	1.66	332	365	35
1255	Т.43.07	1.01	202	222	35
1256	Т.43.08	2.06	412	453	35
1257	Т.43.09	1.99	398	438	35
1258	Т.43.10	3.92	784	862	35
1259	Т.43.11	7.78	1556	1712	35
1260	Т.43.12	1.99	398	438	35
1261	Т.43.13	3.92	784	862	35
1262	Т.43.14	7.78	1556	1712	35
1263	Т.43.15	1.99	398	438	35
1264	Т.43.16	3.92	784	862	35
1265	Т.43.17	7.78	1556	1712	35
1266	Т.43.18	3.19	638	702	35
1267	Т.43.19	6.23	1246	1371	35
1268	Т.43.20	12.37	2474	2721	35
1269	Т.43.21	3.19	638	702	35
1270	Т.43.22	6.23	1246	1371	35
1271	Т.43.23	12.37	2474	2721	35
1272	Т.43.24	3.19	638	702	35
1273	Т.43.25	6.23	1246	1371	35
1274	Т.43.26	12.37	2474	2721	35
1275	Т.43.27	4.21	842	926	35
1276	Т.43.28	8.29	1658	1824	35
1277	Т.43.29	16.46	3292	3621	35
1278	Т.43.30	4.21	842	926	35
1279	Т.43.31	8.29	1658	1824	35
1280	Т.43.32	16.46	3292	3621	35
1281	Т.43.33	4.21	842	926	35
1282	Т.43.34	8.29	1658	1824	35
1283	Т.43.35	16.46	3292	3621	35
1284	Т.43.36	14.28	2856	3142	35
1285	Т.43.37	27.74	5548	6103	35
1286	Т.43.38	14.28	2856	3142	35
1287	Т.43.39	27.74	5548	6103	35
1288	Т.43.40	14.28	2856	3142	35
1289	Т.43.41	27.74	5548	6103	35
1290	Т.43.42	19.61	3922	4314	35
1291	Т.43.43	38.3	7660	8426	35
1292	Т.43.44	19.62	3924	4316	35
1293	Т.43.45	38.41	7682	8450	35
1294	Т.43.46	19.62	3924	4316	35
1295	Т.43.47	38.41	7682	8450	35
1296	Т.43.48	19.62	3924	4316	35
1297	Т.43.49	38.41	7682	8450	35
1298	Т.22.01	1	200	220	36
1299	Т.22.02	1.1	220	242	36
1300	Т.22.03	1.23	246	271	36
1301	Т.22.04	1.3	260	286	36
1302	Т.22.05	1.39	278	306	36
1303	Т.22.06	1.49	298	328	36
1304	Т.22.07	1.59	318	350	36
1305	Т.22.08	1.01	202	222	36
1306	Т.22.09	1.11	222	244	36
1307	Т.22.10	1.25	250	275	36
1308	Т.22.11	1.31	262	288	36
1309	Т.22.12	1.41	282	310	36
1310	Т.22.13	1.5	300	330	36
1311	Т.22.14	1.6	320	352	36
1312	Т.22.15	1.03	206	227	36
1313	Т.22.16	1.13	226	249	36
1314	Т.22.17	1.25	250	275	36
1315	Т.22.18	1.32	264	290	36
1316	Т.22.19	1.42	284	312	36
1317	Т.22.20	1.52	304	334	36
1318	Т.22.21	1.62	324	356	36
1319	Т.22.22	1.05	210	231	36
1320	Т.22.23	1.15	230	253	36
1321	Т.22.24	1.27	254	279	36
1322	Т.22.25	1.35	270	297	36
1323	Т.22.26	1.44	288	317	36
1324	Т.22.27	1.54	308	339	36
1325	Т.22.28	1.65	330	363	36
1326	Т.22.29	1.09	218	240	36
1327	Т.22.30	1.19	238	262	36
1328	Т.22.31	1.31	262	288	36
1329	Т.22.32	1.39	278	306	36
1330	Т.22.33	1.49	298	328	36
1331	Т.22.34	1.59	318	350	36
1332	Т.22.35	1.68	336	370	36
1333	Т.23.01	2.08	416	458	37
1334	Т.23.02	2.23	446	491	37
1335	Т.23.03	2.39	478	526	37
1336	Т.23.04	2.54	508	559	37
1337	Т.23.05	2.7	540	594	37
1338	Т.23.06	2.85	570	627	37
1339	Т.23.07	3	600	660	37
1340	Т.23.08	2.7	540	594	37
1341	Т.23.09	2.93	586	645	37
1342	Т.23.10	3.15	630	693	37
1343	Т.23.11	3.37	674	741	37
1344	Т.23.12	3.59	718	790	37
1345	Т.23.13	3.81	762	838	37
1346	Т.23.14	4.03	806	887	37
1347	Т.23.15	5.36	1072	1179	37
1348	Т.23.16	5.75	1150	1265	37
1349	Т.23.17	6.14	1228	1351	37
1350	Т.23.18	6.55	1310	1441	37
1351	Т.23.19	6.94	1388	1527	37
1352	Т.23.20	7.33	1466	1613	37
1353	Т.23.21	7.72	1544	1698	37
1354	Т.23.22	5.54	1108	1219	37
1355	Т.23.23	5.93	1186	1305	37
1356	Т.23.24	6.32	1264	1390	37
1357	Т.23.25	6.75	1350	1485	37
1358	Т.23.26	7.12	1424	1566	37
1359	Т.23.27	7.51	1502	1652	37
1360	Т.23.28	7.9	1580	1738	37
1361	Т.23.29	5.78	1156	1272	37
1362	Т.23.30	6.17	1234	1357	37
1363	Т.23.31	6.56	1312	1443	37
1364	Т.23.32	6.97	1394	1533	37
1365	Т.23.33	7.36	1472	1619	37
1366	Т.23.34	7.75	1550	1705	37
1367	Т.23.35	8.14	1628	1791	37
1368	Т.23.36	8.96	1792	1971	37
1369	Т.23.37	9.58	1916	2108	37
1370	Т.23.38	10.2	2040	2244	37
1371	Т.23.39	10.82	2164	2380	37
1372	Т.23.40	11.43	2286	2515	37
1373	Т.23.41	12.05	2410	2651	37
1374	Т.23.42	12.67	2534	2787	37
1375	Т.23.43	10.64	2128	2341	37
1376	Т.23.44	11.26	2252	2477	37
1377	Т.23.45	11.88	2376	2614	37
1378	Т.23.46	12.5	2500	2750	37
1379	Т.23.47	13.11	2622	2884	37
1380	Т.23.48	13.73	2746	3021	37
1381	Т.23.49	14.35	2870	3157	37
1382	Т.23.50	17	3400	3740	37
1383	Т.23.51	17.89	3578	3936	37
1384	Т.23.52	17.78	3556	3912	37
1385	Т.23.53	19.66	3932	4325	37
1386	Т.23.54	20.55	4110	4521	37
1387	Т.23.55	21.44	4288	4717	37
1388	Т.23.56	22.97	4594	5053	37
1389	Т.24.01	26.1	5220	5742	38
1390	Т.24.02	27	5400	5940	38
1391	Т.24.03	27.9	5580	6138	38
1392	Т.24.04	28.7	5740	6314	38
1393	Т.24.05	29.6	5920	6512	38
1394	Т.24.06	30.5	6100	6710	38
1395	Т.24.07	32.1	6420	7062	38
1396	Т.24.08	41.8	8360	9196	38
1397	Т.24.09	43.2	8640	9504	38
1398	Т.24.10	44.6	8920	9812	38
1399	Т.24.11	46	9200	10120	38
1400	Т.24.12	47.4	9480	10428	38
1401	Т.24.13	48.8	9760	10736	38
1402	Т.24.14	50.1	10020	11022	38
1403	Т.24.15	31.7	6340	6974	38
1404	Т.24.16	32.6	6520	7172	38
1405	Т.24.17	33.5	6700	7370	38
1406	Т.24.18	34.4	6880	7568	38
1407	Т.24.19	35.2	7040	7744	38
1408	Т.24.20	36.1	7220	7942	38
1409	Т.24.21	37.7	7540	8294	38
1410	Т.24.22	63	12600	13860	38
1411	Т.24.23	65	13000	14300	38
1412	Т.24.24	67	13400	14740	38
1413	Т.24.25	69	13800	15180	38
1414	Т.24.26	71	14200	15620	38
1415	Т.24.27	73	14600	16060	38
1416	Т.24.28	75	15000	16500	38
1417	Т.24.29	45.7	9140	10054	38
1418	Т.24.30	47.1	9420	10362	38
1419	Т.24.31	48.5	9700	10670	38
1420	Т.24.32	49.9	9980	10978	38
1421	Т.24.33	51.3	10260	11286	38
1422	Т.24.34	52.7	10540	11594	38
1423	Т.24.35	54	10800	11880	38
1424	Т.24.36	68.9	13780	15158	38
1425	Т.24.37	70.9	14180	15598	38
1426	Т.24.38	72.9	14580	16038	38
1427	Т.24.39	74.9	14980	16478	38
1428	Т.24.40	76.9	15380	16918	38
1429	Т.24.41	78.9	15780	17358	38
1430	Т.24.42	80.9	16180	17798	38
1431	Т.24.43	76.4	15280	16808	38
1432	Т.24.44	78.4	15680	17248	38
1433	Т.24.45	80.4	16080	17688	38
1434	Т.24.46	82.4	16480	18128	38
1435	Т.24.47	84.4	16880	18568	38
1436	Т.24.48	86.4	17280	19008	38
1437	Т.24.49	88.4	17680	19448	38
1438	Т.24.50	81.5	16300	17930	38
1439	Т.24.51	83.5	16700	18370	38
1440	Т.24.52	85.5	17100	18810	38
1441	Т.24.53	87.5	17500	19250	38
1442	Т.24.54	89.5	17900	19690	38
1443	Т.24.55	91.5	18300	20130	38
1444	Т.24.56	93.5	18700	20570	38
1445	Т.25.01	84.5	16900	18590	39
1446	Т.25.02	87.3	17460	19206	39
1447	Т.25.03	90.1	18020	19822	39
1448	Т.25.04	92.9	18580	20438	39
1449	Т.25.05	95.7	19140	21054	39
1450	Т.25.06	98.5	19700	21670	39
1451	Т.25.07	101.1	20220	22242	39
1452	Т.25.08	135.9	27180	29898	39
1453	Т.25.09	139.9	27980	30778	39
1454	Т.25.10	143.9	28780	31658	39
1455	Т.25.11	147.9	29580	32538	39
1456	Т.25.12	151.9	30380	33418	39
1457	Т.25.13	155.9	31180	34298	39
1458	Т.25.14	159.9	31980	35178	39
1459	Т.25.15	144.2	28840	31724	39
1460	Т.25.16	147.2	29440	32384	39
1461	Т.25.17	151.2	30240	33264	39
1462	Т.25.18	155.2	31040	34144	39
1463	Т.25.19	159.2	31840	35024	39
1464	Т.25.20	163.2	32640	35904	39
1465	Т.25.21	167.2	33440	36784	39
1466	Т.25.22	151.6	30320	33352	39
1467	Т.25.23	155.6	31120	34232	39
1468	Т.25.24	159.6	31920	35112	39
1469	Т.25.25	163.6	32720	35992	39
1470	Т.25.26	167.6	33520	36872	39
1471	Т.25.27	171.6	34320	37752	39
1472	Т.25.28	175.6	35120	38632	39
1473	Т26.01	13.2	2640	2904	40
1474	Т26.02	15.8	3160	3476	40
1475	Т26.03	22.7	4540	4994	40
1476	Т26.04	25	5000	5500	40
1477	Т26.05	32.6	6520	7172	40
1478	Т26.06	43.7	8740	9614	40
1479	Т26.07	65.7	13140	14454	40
1480	Т26.08	71.1	14220	15642	40
1481	Т26.09	85.1	17020	18722	40
1482	Т26.10	105.2	21040	23144	40
1483	Т26.11	23	4600	5060	40
1484	Т26.12	27.9	5580	6138	40
1485	Т26.13	39.5	7900	8690	40
1486	Т26.14	44.1	8820	9702	40
1487	Т26.15	57.4	11480	12628	40
1488	Т26.16	77.2	15440	16984	40
1489	Т26.17	117.7	23540	25894	40
1490	Т26.18	128.5	25700	28270	40
1491	Т26.19	151.8	30360	33396	40
1492	Т26.20	186.2	37240	40964	40
1493	Т.27.01	35.1	7020	7722	41
1494	Т.27.02	51.7	10340	11374	41
1495	Т.27.03	38.2	7640	8404	41
1496	Т.27.04	56.7	11340	12474	41
1497	Т.27.05	61.6	12320	13552	41
1498	Т.27.06	94	18800	20680	41
1499	Т.27.07	90.9	18180	19998	41
1500	Т.27.08	141	28200	31020	41
1501	Т.27.09	123.9	24780	27258	41
1502	Т.27.10	187.4	37480	41228	41
1503	Т.27.11	96.7	19340	21274	41
1504	Т.27.12	146.7	29340	32274	41
1505	Т.27.13	127.8	25560	28116	41
1506	Т.27.14	192.1	38420	42262	41
1507	Т.28.01	203	40600	44660	42
1508	Т.28.02	314	62800	69080	42
1509	Т.28.03	253	50600	55660	42
1510	Т.28.04	380	76000	83600	42
1511	Т.28.05	198	39600	43560	42
1512	Т.28.06	298	59600	65560	42
1513	Т.28.07	215	43000	47300	42
1514	Т.28.08	326	65200	71720	42
1515	Т.28.09	222	44400	48840	42
1516	Т.28.10	333	66600	73260	42
1517	Т.28.11	300	60000	66000	42
1518	Т.28.12	427	85400	93940	42
1519	Т.28.13	309	61800	67980	42
1520	Т.28.14	436	87200	95920	42
1521	Т.28.15	325	65000	71500	42
1522	Т.28.16	452	90400	99440	42
1523	Т.28.17	335	67000	73700	42
1524	Т.28.18	462	92400	101640	42
1525	Т.28.19	355	71000	78100	42
1526	Т.28.20	482	96400	106040	42
1527	Т.28.21	375	75000	82500	42
1528	Т.28.22	502	100400	110440	42
1529	Т.29.01	691	138200	152020	43
1530	Т.29.02	690	138000	151800	43
1531	Т.29.03	697	139400	153340	43
1532	Т.29.04	811	162200	178420	43
1533	Т.29.05	851	170200	187220	43
1534	Т.29.06	862	172400	189640	43
1535	Т.41.01	65	13000	14300	44
1536	Т.41.02	88	17600	19360	44
1537	Т.41.03	114	22800	25080	44
1538	Т.41.04	135	27000	29700	44
1539	Т.41.05	139	27800	30580	44
1540	Т.41.06	189	37800	41580	44
1541	Т.41.07	250	50000	55000	44
1542	Т.41.08	199	39800	43780	44
1543	Т.41.09	391	78200	86020	44
1544	Т.41.10	262	52400	57640	44
1545	Т.41.11	461	92200	101420	44
1546	Т.41.12	337	67400	74140	44
1547	Т.41.13	513	102600	112860	44
1548	Т.41.14	344	68800	75680	44
1549	Т.41.15	556	111200	122320	44
1550	Т.41.16	353	70600	77660	44
1551	Т.41.17	568	113600	124960	44
1552	Т.41.18	366	73200	80520	44
1553	Т.41.19	596	119200	131120	44
1554	Т.41.20	380	76000	83600	44
1555	Т.41.21	611	122200	134420	44
1556	Т.41.22	383	76600	84260	44
1557	Т.41.23	616	123200	135520	44
1558	Т.41.24	411	82200	90420	44
1559	Т.41.25	671	134200	147620	44
1560	Т42.01	2.6	520	572	45
1561	Т42.02	2.57	514	565	45
1562	Т42.02	2.57	514	565	45
1563	Т42.02	2.57	514	565	45
1564	Т42.03	3.24	648	713	45
1565	Т42.03	3.24	648	713	45
1566	Т42.04	5.44	1088	1197	45
1567	Т42.04	5.44	1088	1197	45
1568	Т42.05	6.86	1372	1509	45
1569	Т42.06	7.64	1528	1681	45
\.


--
-- Data for Name: Image; Type: TABLE DATA; Schema: public; Owner: EnergoDetal
--

COPY public."Image" (id, type, url) FROM stdin;
1	Products	https://storage.yandexcloud.net/energodetal/Galery/%D0%9D%D0%B0%20%D0%B3%D0%B0%D0%BB%D0%B5%D1%80%D0%B5%D1%8E%20%D0%9F%D1%80%D0%BE%D0%B4%D1%83%D0%BA%D1%86%D0%B8%D1%8F.jpg
2	Machines	https://storage.yandexcloud.net/energodetal/Galery/%D0%94%D0%BB%D1%8F%20%D0%B3%D0%B0%D0%BB%D0%B5%D1%80%D0%B5%D0%B8%20%D0%BE%D0%B1%D0%BE%D1%80%D1%83%D0%B4%D0%BE%D0%B2%D0%B0%D0%BD%D0%B8%D0%B5.jpg
3	Production	https://storage.yandexcloud.net/energodetal/Galery/%D0%94%D0%BB%D1%8F%20%D0%B3%D0%B0%D0%BB%D0%B5%D1%80%D0%B5%D0%B8%20%D0%A6%D0%B5%D1%85.jpg
\.


--
-- Data for Name: _prisma_migrations; Type: TABLE DATA; Schema: public; Owner: EnergoDetal
--

COPY public._prisma_migrations (id, checksum, finished_at, migration_name, logs, rolled_back_at, started_at, applied_steps_count) FROM stdin;
2c717aad-19c2-40f3-9146-189ed4f3fdae	64590c9b69a386b592fe9a525c52354f9163243592f7a5c561d4fb607e3e16f9	2025-08-19 22:01:03.160684+00	20250819220103_stage	\N	\N	2025-08-19 22:01:03.094425+00	1
\.


--
-- Name: Drawing_id_seq; Type: SEQUENCE SET; Schema: public; Owner: EnergoDetal
--

SELECT pg_catalog.setval('public."Drawing_id_seq"', 4, true);


--
-- Name: ExecutionItem_id_seq; Type: SEQUENCE SET; Schema: public; Owner: EnergoDetal
--

SELECT pg_catalog.setval('public."ExecutionItem_id_seq"', 1569, true);


--
-- Name: Execution_id_seq; Type: SEQUENCE SET; Schema: public; Owner: EnergoDetal
--

SELECT pg_catalog.setval('public."Execution_id_seq"', 45, true);


--
-- Name: Image_id_seq; Type: SEQUENCE SET; Schema: public; Owner: EnergoDetal
--

SELECT pg_catalog.setval('public."Image_id_seq"', 3, true);


--
-- Name: Drawing Drawing_pkey; Type: CONSTRAINT; Schema: public; Owner: EnergoDetal
--

ALTER TABLE ONLY public."Drawing"
    ADD CONSTRAINT "Drawing_pkey" PRIMARY KEY (id);


--
-- Name: ExecutionItem ExecutionItem_pkey; Type: CONSTRAINT; Schema: public; Owner: EnergoDetal
--

ALTER TABLE ONLY public."ExecutionItem"
    ADD CONSTRAINT "ExecutionItem_pkey" PRIMARY KEY (id);


--
-- Name: Execution Execution_pkey; Type: CONSTRAINT; Schema: public; Owner: EnergoDetal
--

ALTER TABLE ONLY public."Execution"
    ADD CONSTRAINT "Execution_pkey" PRIMARY KEY (id);


--
-- Name: Image Image_pkey; Type: CONSTRAINT; Schema: public; Owner: EnergoDetal
--

ALTER TABLE ONLY public."Image"
    ADD CONSTRAINT "Image_pkey" PRIMARY KEY (id);


--
-- Name: _prisma_migrations _prisma_migrations_pkey; Type: CONSTRAINT; Schema: public; Owner: EnergoDetal
--

ALTER TABLE ONLY public._prisma_migrations
    ADD CONSTRAINT _prisma_migrations_pkey PRIMARY KEY (id);


--
-- Name: Drawing_name_key; Type: INDEX; Schema: public; Owner: EnergoDetal
--

CREATE UNIQUE INDEX "Drawing_name_key" ON public."Drawing" USING btree (name);


--
-- Name: ExecutionItem_executionId_name_idx; Type: INDEX; Schema: public; Owner: EnergoDetal
--

CREATE INDEX "ExecutionItem_executionId_name_idx" ON public."ExecutionItem" USING btree ("executionId", name);


--
-- Name: ExecutionItem ExecutionItem_executionId_fkey; Type: FK CONSTRAINT; Schema: public; Owner: EnergoDetal
--

ALTER TABLE ONLY public."ExecutionItem"
    ADD CONSTRAINT "ExecutionItem_executionId_fkey" FOREIGN KEY ("executionId") REFERENCES public."Execution"(id) ON UPDATE CASCADE ON DELETE RESTRICT;


--
-- Name: Execution Execution_drawingId_fkey; Type: FK CONSTRAINT; Schema: public; Owner: EnergoDetal
--

ALTER TABLE ONLY public."Execution"
    ADD CONSTRAINT "Execution_drawingId_fkey" FOREIGN KEY ("drawingId") REFERENCES public."Drawing"(id) ON UPDATE CASCADE ON DELETE RESTRICT;


--
-- Name: SCHEMA public; Type: ACL; Schema: -; Owner: EnergoDetal
--

REVOKE USAGE ON SCHEMA public FROM PUBLIC;


--
-- PostgreSQL database dump complete
--

\unrestrict 5ImBbDHP4i4VayuFJoNzAOSesiiEKJA5QNwe0y0DTqX4fAIrPUCCLdboha9VpMj

